ANIRATES,
01/04/12,0.08710
01/30/12,0.09260
02/28/12,0.08480
03/28/12,0.08070
06/28/12,0.07430
09/28/12,0.06850
12/28/12,0.06270
06/28/13,0.05660
12/30/13,0.05040
12/29/14,0.05160
12/28/15,0.05800
12/28/16,0.06450
12/28/18,0.07030
12/28/21,0.07110
